{"alpha":4.3620832e+07,"_step":9968,"_timestamp":1.734988829927254e+09,"_runtime":17909.497933997,"score":-50,"_wandb":{"runtime":17928},"temp_loss":0.36237597465515137,"actor_loss":-6.796417024e+10,"critic_loss":1.5994657221908627e+20}