{"_wandb":{"runtime":21},"temp_loss":-1.9131033420562744,"_timestamp":1.7349654580994923e+09,"_runtime":21.316820754,"_step":949,"actor_loss":-6.308968544006348,"critic_loss":0.09381856769323349}