{"_wandb":{"runtime":0},"acc":0.8967036218336155,"loss":0.12420796474358596,"_timestamp":1.7349628199682071e+09,"_runtime":0.751653453,"_step":7}