{"_wandb":{"runtime":60},"critic_loss":0.05146549269556999,"temp_loss":-6.590310096740723,"_timestamp":1.7349650561584349e+09,"_runtime":60.391935848,"_step":3287,"actor_loss":-6.290627956390381}