{"_step":1383,"actor_loss":-7.048560619354248,"critic_loss":0.0766826719045639,"temp_loss":-2.789858341217041,"_timestamp":1.7349655276073258e+09,"_wandb":{"runtime":27},"_runtime":27.572050953}