{"temp_loss":-14.756667137145996,"_timestamp":1.7349652496579797e+09,"_wandb":{"runtime":163},"_runtime":145.105675842,"_step":8216,"actor_loss":4.601478576660156,"critic_loss":0.03601839393377304}