{"_timestamp":1.7349653838638194e+09,"_runtime":39.750819592,"_step":918,"_wandb":{"runtime":39},"actor_loss":-6.4114227294921875,"critic_loss":0.09471078217029572,"temp_loss":-1.85158109664917}