{"actor_loss":-1.4348806144e+10,"_runtime":19115.786244103,"log_alpha":16.820823669433594,"_wandb":{"runtime":19195},"alpha":2.0192538e+07,"_timestamp":1.7350772258005872e+09,"_step":9968,"temp_loss":-2.708913803100586,"score":-50,"critic_loss":5.942853751059513e+18}