{"critic_loss":2741.12060546875,"temp_loss":0.08609995990991592,"actor_loss":205.7830810546875,"_runtime":4164.096080052,"alpha":0.18054890632629395,"_wandb":{"runtime":4174},"score":-15.42,"log_alpha":-1.7117536067962646,"_step":9948,"_timestamp":1.7352241610784984e+09}