{"temp_loss":0.5936259031295776,"critic_loss":1.5220703232e+11,"alpha":2076.148681640625,"_timestamp":1.735391573569969e+09,"_wandb":{"runtime":46234},"actor_loss":-2.587265e+06,"score":-50,"log_alpha":7.638269901275635,"_step":19948,"_runtime":46155.708573702}