{"_wandb":{"runtime":0},"loss":0.1481342266340793,"_timestamp":1.7349628506823864e+09,"_runtime":0.638949133,"_step":7,"acc":0.8490196966559826}