{"_runtime":44100.686822935,"score":-50,"_wandb":{"runtime":44179},"log_alpha":3.1840481758117676,"actor_loss":-8.465755e+06,"_timestamp":1.736232806861078e+09,"_step":19948,"critic_loss":6.1585457152e+11,"alpha":24.144296646118164,"temp_loss":-58.495155334472656}