{"_step":9948,"_wandb":{"runtime":5994},"critic_loss":23.107288360595703,"actor_loss":22.864187240600586,"score":-20.9,"_timestamp":1.7352304996067576e+09,"log_alpha":-3.3621811866760254,"temp_loss":-1.2980222702026367,"_runtime":5988.748191368,"alpha":0.034659575670957565}